ID,碑名,主な種別,災害名（元の表記）,取り出した災害,年の数,発生年,建立年（元の表記）,建立年_数値,建立までの年数,区分,注記
36201-001,沖洲蛭子神社百度石,津波,安政南海地震(1854年12月24日),安政南海地震(1854),1,1854,1861,1861,7,差あり,
36201-002,慶応2年洪水痕跡,洪水,慶応2年寅の大水(1866年9月15日),慶応2年寅の大水(1866),1,1866,1995,1995,129,差あり,
36203-001,赤石豊浦神社石碑,津波,安政南海地震(1854年12月24日),安政南海地震(1854),1,1854,不明,,,対象外（建立年不明）,
36203-002,金磯帽厳跡碑,津波,安政南海地震(1854年12月24日),安政南海地震(1854),1,1854,1910,1910,56,差あり,
36203-003,立江八幡神社農地災害復旧碑,地震,昭和南海地震(1946年12月21日),昭和南海地震(1946),1,1946,1967,1967,21,差あり,
36203-004,前原修堤碑,洪水,明治32年9月の台風(1899年9月8日),明治32年9月の台風(1899),1,1899,1914,1914,15,差あり,
36204-001,鵠和光神社石碑,津波,昭和南海地震(1946年12月21日)ほか,昭和南海地震(1946),1,1946,1992,1992,46,差あり,
36204-002,大原地神上棟式記念碑,津波,昭和南海地震(1946年12月21日),昭和南海地震(1946),1,1946,1948,1948,2,差あり,
36204-003,福井住吉神社海嘯潮痕標石,津波,昭和南海地震(1946年12月21日),昭和南海地震(1946),1,1946,1948,1948,2,差あり,
36204-004,椿八幡神社常夜燈,津波,安政南海地震(1854年12月24日),安政南海地震(1854),1,1854,1856,1856,2,差あり,
36204-005,椿公民館石碑,津波,安政南海地震(1854年12月24日)　昭和南海地震(1946年12月21日),安政南海地震(1854)；昭和南海地震(1946),2,1854,2004,2004,150,差あり,複数の災害（最も古い年を使用）
36205-001,大正元年洪水頂点,洪水,大正元年洪水(1912年9月),大正元年洪水(1912),1,1912,不明,,,対象外（建立年不明）,
36207-001,災害復旧記念碑,土砂災害,昭和51年台風17号(1976年9月),昭和51年台風17号(1976),1,1976,1980,1980,4,差あり,
36207-002,災害復旧記念碑,土砂災害,昭和51年台風17号(1976年9月),昭和51年台風17号(1976),1,1976,1985,1985,9,差あり,
36207-003,殉職の碑,土砂災害,昭和50年台風6号(1975年8月),昭和50年台風6号(1975),1,1975,1976,1976,1,差あり,
36207-004,舞中島大洪水記録柱,洪水,昭和29年台風12号(ジューン台風)(1954年9月13日～14日),昭和29年台風12号(ジューン台風)(1954),1,1954,2002,2002,48,差あり,
36207-005,吉野川洪水の最高水位,洪水,昭和29年台風12号(ジューン台風)(1954年9月13日～14日),昭和29年台風12号(ジューン台風)(1954),1,1954,不明,,,対象外（建立年不明）,
36208-001,善徳不動之碑,土砂災害,昭和62年台風12号(1987年8月30日～31日),昭和62年台風12号(1987),1,1987,1989,1989,2,差あり,
36368-001,庚申塔,地震,安政南海地震(1854年12月24日),安政南海地震(1854),1,1854,1858,1858,4,差あり,
36368-002,慰霊,土砂災害,昭和51年台風17号(1976年9月13日),昭和51年台風17号(1976),1,1976,1977,1977,1,差あり,
36368-003,慰霊之碑,土砂災害,明治25年高磯山崩壊(1892年7月25日),明治25年高磯山崩壊(1892),1,1892,1991,1991,99,差あり,
36368-004,紀念碑,土砂災害,明治25年高磯山崩壊(1892年7月25日),明治25年高磯山崩壊(1892),1,1892,1904,1904,12,差あり,
36368-005,殉職者慰霊碑,その他,昭和39年台風20号(1964年9月25日),昭和39年台風20号(1964),1,1964,1964,1964,0,差あり,
36383-001,牟岐大震潮記念碑,津波,安政南海地震(1854年12月24日),安政南海地震(1854),1,1854,1931,1931,77,差あり,
36383-002,出羽島観栄寺石碑(旧碑),津波,安政南海地震(1854年12月24日),安政南海地震(1854),1,1854,不明,,,対象外（建立年不明）,
36383-003,出羽島観栄寺石碑(再建),津波,安政南海地震(1854年12月24日),安政南海地震(1854),1,1854,1928,1928,74,差あり,
36383-004,牟岐旧旭町南海地震記念碑,津波,昭和南海地震(1946年12月21日),昭和南海地震(1946),1,1946,1949,1949,3,差あり,
36383-005,牟岐町における南海震災史碑,津波,昭和南海地震(1946年12月21日)ほか,昭和南海地震(1946),1,1946,1996,1996,50,差あり,
36383-006,牟岐町南海震災記念碑,津波,昭和南海地震(1946年12月21日),昭和南海地震(1946),1,1946,1978,1978,32,差あり,
36383-007,南海地震津波最高潮位,津波,昭和南海地震(1946年12月21日),昭和南海地震(1946),1,1946,1994,1994,48,差あり,
36383-008,南海地震津波最高潮位,津波,昭和南海地震(1946年12月21日),昭和南海地震(1946),1,1946,1994,1994,48,差あり,
36383-009,南海地震津波最高潮位,津波,昭和南海地震(1946年12月21日),昭和南海地震(1946),1,1946,1994,1994,48,差あり,
36383-010,南海地震津波最高潮位,津波,昭和南海地震(1946年12月21日),昭和南海地震(1946),1,1946,1994,1994,48,差あり,
36383-011,南海地震津波最高潮位,津波,昭和南海地震(1946年12月21日),昭和南海地震(1946),1,1946,1995,1995,49,差あり,
36383-012,南海地震津波最高潮位,津波,昭和南海地震(1946年12月21日),昭和南海地震(1946),1,1946,1995,1995,49,差あり,
36383-013,南海地震津波最高潮位,津波,昭和南海地震(1946年12月21日),昭和南海地震(1946),1,1946,1995,1995,49,差あり,
36387-001,木岐王子神社石灯籠,津波,安政南海地震(1854年12月24日),安政南海地震(1854),1,1854,1854,1854,0,差あり,
36387-002,志和岐震災碑,津波,安政南海地震(1854年12月24日),安政南海地震(1854),1,1854,1862,1862,8,差あり,
36387-003,東由岐浦修堤碑,津波,安政南海地震(1854年12月24日)大正元年の台風(1912年9月22日～23日),安政南海地震(1854)；大正元年の台風(1912),2,1854,1913,1913,59,差あり,複数の災害（最も古い年を使用）
36387-004,記念碑,高潮,室戸台風(1934年9月21日),室戸台風(1934),1,1934,1935,1935,1,差あり,
36387-005,東由岐康暦碑,津波,正平南海地震(1361年7月26日(ユリウス暦)),正平南海地震(1361),1,1361,1380,1380,19,差あり,
36387-006,南海地震津浪最高潮位(東由岐天神社下),津波,昭和南海地震(1946年12月21日),昭和南海地震(1946),1,1946,1982,1982,36,差あり,
36387-007,南海地震津浪最高潮位(地域交流支援センター前),津波,昭和南海地震(1946年12月21日),昭和南海地震(1946),1,1946,1982,1982,36,差あり,
36387-008,南海地震津浪最高潮位(龍王さん前),津波,昭和南海地震(1946年12月21日),昭和南海地震(1946),1,1946,1982,1982,36,差あり,
36387-009,南海地震津浪最高潮位(木岐公民館前),津波,昭和南海地震(1946年12月21日),昭和南海地震(1946),1,1946,1982,1982,36,差あり,
36388-001,浅川天神社石碑,津波,安政東海地震(1854年12月23日) 安政南海地震(1854年12月24日),安政東海地震(1854)；安政南海地震(1854),2,1854,1867,1867,13,差あり,複数の災害（最も古い年を使用）
36388-002,安政の津波碑文,津波,安政東海地震(1854年12月23日) 安政南海地震(1854年12月24日),安政東海地震(1854)；安政南海地震(1854),2,1854,1994,1994,140,差あり,複数の災害（最も古い年を使用）
36388-003,南海大地震記念碑,津波,昭和南海地震(1946年12月21日),昭和南海地震(1946),1,1946,1956,1956,10,差あり,
36388-004,震災後50年南海道地震津波史碑・津波十訓,津波,昭和南海地震(1946年12月21日),昭和南海地震(1946),1,1946,1996,1996,50,差あり,
36388-005,浅川観音庵地蔵尊台石・寳永ノ津浪,津波,宝永地震(1707年10月28日),宝永地震(1707),1,1707,1712,1712,5,差あり,
36388-006,安政津浪襲来地点,津波,安政南海地震(1854年12月24日),安政南海地震(1854),1,1854,1938,1938,84,差あり,
36388-007,南海地震津浪襲来地点,津波,昭和南海地震(1946年12月21日),昭和南海地震(1946),1,1946,不明,,,対象外（建立年不明）,
36388-008,折損鳥居,津波,慶長南海地震(1605年2月3日),慶長南海地震(1605),1,1605,不明,,,対象外（建立年不明）,
36388-009,大地震津浪記,津波,安政東海地震(1854年12月23日) 安政南海地震(1854年12月24日),安政東海地震(1854)；安政南海地震(1854),2,1854,1901,1901,47,差あり,複数の災害（最も古い年を使用）
36388-010,大地震津浪記,津波,安政東海地震(1854年12月23日) 安政南海地震(1854年12月24日),安政東海地震(1854)；安政南海地震(1854),2,1854,1996,1996,142,差あり,複数の災害（最も古い年を使用）
36388-011,熟田峠地蔵尊,津波,安政東海地震(1854年12月23日) 安政南海地震(1854年12月24日),安政東海地震(1854)；安政南海地震(1854),2,1854,不明,,,対象外（建立年不明）,複数の災害（最も古い年を使用）
36388-012,大岩慶長・宝永地震津波碑,津波,慶長南海地震(1605年2月3日) 宝永地震(1707年10月28日),慶長南海地震(1605)；宝永地震(1707),2,1605,1664(慶長碑)、不明(宝永碑),1664,59,差あり,建立年の記載に注記あり（最も古い年を使用）／複数の災害（最も古い年を使用）
36388-013,鞆浦海嘯記,津波,安政東海地震(1854年12月23日)安政南海地震(1854年12月24日),安政東海地震(1854)；安政南海地震(1854),2,1854,1927,1927,73,差あり,複数の災害（最も古い年を使用）
36388-014,南海地震津波最高潮位(浅川出張所),津波,昭和南海地震(1946年12月21日),昭和南海地震(1946),1,1946,1985,1985,39,差あり,
36388-015,南海地震津波最高潮位(大歳神社前),津波,昭和南海地震(1946年12月21日),昭和南海地震(1946),1,1946,1985,1985,39,差あり,
36388-016,南海地震津波最高潮位(伊勢田忠魂碑下),津波,昭和南海地震(1946年12月21日),昭和南海地震(1946),1,1946,1985,1985,39,差あり,
36388-017,南海地震津波最高潮位(天神社前),津波,昭和南海地震(1946年12月21日),昭和南海地震(1946),1,1946,1985,1985,39,差あり,
36388-018,南海地震津波最高潮位(御﨑神社前),津波,昭和南海地震(1946年12月21日),昭和南海地震(1946),1,1946,1985,1985,39,差あり,
36388-019,南海地震津波最高潮位(元橋),津波,昭和南海地震(1946年12月21日),昭和南海地震(1946),1,1946,1985,1985,39,差あり,
36388-020,保瀨大崩壊の碑,土砂災害,保勢の崩壊(1892年7月25日～26日),保勢の崩壊(1892),1,1892,1935,1935,43,差あり,
36401-001,敬渝碑,津波,安政南海地震(1854年12月24日),安政南海地震(1854),1,1854,1856,1856,2,差あり,
36402-001,新見嘉次郎の石碑,洪水,慶応2年寅の大水(1866年9月15日),慶応2年寅の大水(1866),1,1866,1898,1898,32,差あり,
36402-002,北島町大正の大洪水,洪水,大正元年洪水(1912年9月21日～22日),大正元年洪水(1912),1,1912,不明,,,対象外（建立年不明）,
36403-001,爲溺死亡霊菩提(乙瀬中田の地蔵),洪水,慶応2年の寅年の大水(1866年)慶応3年の洪水(1867年),慶応2年の寅年の大水(1866)；慶応3年の洪水(1867),2,1866,1868,1868,2,差あり,複数の災害（最も古い年を使用）
36489-001,洪水記録(天椅立神社の石段),洪水,昭和29年台風12号(ジューン台風)(1954年9月13日～14日),昭和29年台風12号(ジューン台風)(1954),1,1954,不明,,,対象外（建立年不明）,
36489-002,西庄水防林記念碑,洪水,洪水(1899年7月9日),洪水(1899),1,1899,2004,2004,105,差あり,
