範囲,災害種別,ハザード,碑_数,碑_取得不可,碑_区域内,碑_区域内の割合,碑_3m以上,碑_3m以上の割合,比較地点_数,比較地点_取得不可,比較地点_区域内,比較地点_区域内の割合,比較地点_3m以上,比較地点_3m以上の割合
全碑,全種別,洪水（想定最大規模）,71,0,16,0.225,4,0.056,349,0,53,0.152,28,0.08
全碑,全種別,津波,71,0,50,0.704,39,0.549,349,0,75,0.215,37,0.106
全碑,全種別,高潮,71,0,24,0.338,0,0.0,349,0,53,0.152,1,0.003
全碑,全種別,土砂災害,71,0,22,0.31,,,349,0,30,0.086,,
全碑,洪水,洪水（想定最大規模）,10,0,8,0.8,4,0.4,50,0,28,0.56,24,0.48
全碑,洪水,津波,10,0,2,0.2,0,0.0,50,0,12,0.24,0,0.0
全碑,洪水,高潮,10,0,2,0.2,0,0.0,50,0,12,0.24,0,0.0
全碑,洪水,土砂災害,10,0,1,0.1,,,50,0,1,0.02,,
全碑,地震,洪水（想定最大規模）,51,0,8,0.157,0,0.0,249,0,25,0.1,4,0.016
全碑,地震,津波,51,0,47,0.922,38,0.745,249,0,63,0.253,37,0.149
全碑,地震,高潮,51,0,21,0.412,0,0.0,249,0,41,0.165,1,0.004
全碑,地震,土砂災害,51,0,17,0.333,,,249,0,23,0.092,,
全碑,津波,洪水（想定最大規模）,49,0,7,0.143,0,0.0,239,0,23,0.096,4,0.017
全碑,津波,津波,49,0,46,0.939,38,0.776,239,0,60,0.251,37,0.155
全碑,津波,高潮,49,0,20,0.408,0,0.0,239,0,39,0.163,1,0.004
全碑,津波,土砂災害,49,0,17,0.347,,,239,0,20,0.084,,
全碑,土砂災害,洪水（想定最大規模）,8,0,0,0.0,0,0.0,40,0,0,0.0,0,0.0
全碑,土砂災害,津波,8,0,0,0.0,0,0.0,40,0,0,0.0,0,0.0
全碑,土砂災害,高潮,8,0,0,0.0,0,0.0,40,0,0,0.0,0,0.0
全碑,土砂災害,土砂災害,8,0,4,0.5,,,40,0,4,0.1,,
全碑,高潮,洪水（想定最大規模）,2,0,0,0.0,0,0.0,10,0,0,0.0,0,0.0
全碑,高潮,津波,2,0,2,1.0,2,1.0,10,0,1,0.1,1,0.1
全碑,高潮,高潮,2,0,2,1.0,0,0.0,10,0,0,0.0,0,0.0
全碑,高潮,土砂災害,2,0,0,0.0,,,10,0,3,0.3,,
全碑,その他,洪水（想定最大規模）,1,0,0,0.0,0,0.0,5,0,0,0.0,0,0.0
全碑,その他,津波,1,0,0,0.0,0,0.0,5,0,0,0.0,0,0.0
全碑,その他,高潮,1,0,0,0.0,0,0.0,5,0,0,0.0,0,0.0
全碑,その他,土砂災害,1,0,0,0.0,,,5,0,0,0.0,,
移転碑を除く,全種別,洪水（想定最大規模）,69,0,15,0.217,4,0.058,339,0,50,0.147,28,0.083
移転碑を除く,全種別,津波,69,0,48,0.696,38,0.551,339,0,70,0.206,36,0.106
移転碑を除く,全種別,高潮,69,0,23,0.333,0,0.0,339,0,49,0.145,0,0.0
移転碑を除く,全種別,土砂災害,69,0,22,0.319,,,339,0,30,0.088,,
移転碑を除く,洪水,洪水（想定最大規模）,10,0,8,0.8,4,0.4,50,0,28,0.56,24,0.48
移転碑を除く,洪水,津波,10,0,2,0.2,0,0.0,50,0,12,0.24,0,0.0
移転碑を除く,洪水,高潮,10,0,2,0.2,0,0.0,50,0,12,0.24,0,0.0
移転碑を除く,洪水,土砂災害,10,0,1,0.1,,,50,0,1,0.02,,
移転碑を除く,地震,洪水（想定最大規模）,49,0,7,0.143,0,0.0,239,0,22,0.092,4,0.017
移転碑を除く,地震,津波,49,0,45,0.918,37,0.755,239,0,58,0.243,36,0.151
移転碑を除く,地震,高潮,49,0,20,0.408,0,0.0,239,0,37,0.155,0,0.0
移転碑を除く,地震,土砂災害,49,0,17,0.347,,,239,0,23,0.096,,
移転碑を除く,津波,洪水（想定最大規模）,47,0,6,0.128,0,0.0,229,0,20,0.087,4,0.017
移転碑を除く,津波,津波,47,0,44,0.936,37,0.787,229,0,55,0.24,36,0.157
移転碑を除く,津波,高潮,47,0,19,0.404,0,0.0,229,0,35,0.153,0,0.0
移転碑を除く,津波,土砂災害,47,0,17,0.362,,,229,0,20,0.087,,
移転碑を除く,土砂災害,洪水（想定最大規模）,8,0,0,0.0,0,0.0,40,0,0,0.0,0,0.0
移転碑を除く,土砂災害,津波,8,0,0,0.0,0,0.0,40,0,0,0.0,0,0.0
移転碑を除く,土砂災害,高潮,8,0,0,0.0,0,0.0,40,0,0,0.0,0,0.0
移転碑を除く,土砂災害,土砂災害,8,0,4,0.5,,,40,0,4,0.1,,
移転碑を除く,高潮,洪水（想定最大規模）,2,0,0,0.0,0,0.0,10,0,0,0.0,0,0.0
移転碑を除く,高潮,津波,2,0,2,1.0,2,1.0,10,0,1,0.1,1,0.1
移転碑を除く,高潮,高潮,2,0,2,1.0,0,0.0,10,0,0,0.0,0,0.0
移転碑を除く,高潮,土砂災害,2,0,0,0.0,,,10,0,3,0.3,,
移転碑を除く,その他,洪水（想定最大規模）,1,0,0,0.0,0,0.0,5,0,0,0.0,0,0.0
移転碑を除く,その他,津波,1,0,0,0.0,0,0.0,5,0,0,0.0,0,0.0
移転碑を除く,その他,高潮,1,0,0,0.0,0,0.0,5,0,0,0.0,0,0.0
移転碑を除く,その他,土砂災害,1,0,0,0.0,,,5,0,0,0.0,,
注：1基が複数の災害種別を持つため、種別ごとの合計は全種別の碑の数より多くなる場合があります。
注：想定区域との重なりを示すもので、危険度の判定ではありません。出典：ハザードマップポータルサイト（加工して作成）
