ID,区分,碑名,変わった列,位置の変更
36201-001,追加,沖洲蛭子神社百度石,,
36201-002,追加,慶応2年洪水痕跡,,
36203-001,追加,赤石豊浦神社石碑,,
36203-002,追加,金磯帽厳跡碑,,
36203-003,追加,立江八幡神社農地災害復旧碑,,
36203-004,追加,前原修堤碑,,
36204-001,追加,鵠和光神社石碑,,
36204-002,追加,大原地神上棟式記念碑,,
36204-003,追加,福井住吉神社海嘯潮痕標石,,
36204-004,追加,椿八幡神社常夜燈,,
36204-005,追加,椿公民館石碑,,
36205-001,追加,大正元年洪水頂点,,
36207-001,追加,災害復旧記念碑,,
36207-002,追加,災害復旧記念碑,,
36207-003,追加,殉職の碑,,
36207-004,追加,舞中島大洪水記録柱,,
36207-005,追加,吉野川洪水の最高水位,,
36208-001,追加,善徳不動之碑,,
36368-001,追加,庚申塔,,
36368-002,追加,慰霊,,
36368-003,追加,慰霊之碑,,
36368-004,追加,紀念碑,,
36368-005,追加,殉職者慰霊碑,,
36383-001,追加,牟岐大震潮記念碑,,
36383-002,追加,出羽島観栄寺石碑(旧碑),,
36383-003,追加,出羽島観栄寺石碑(再建),,
36383-004,追加,牟岐旧旭町南海地震記念碑,,
36383-005,追加,牟岐町における南海震災史碑,,
36383-006,追加,牟岐町南海震災記念碑,,
36383-007,追加,南海地震津波最高潮位,,
36383-008,追加,南海地震津波最高潮位,,
36383-009,追加,南海地震津波最高潮位,,
36383-010,追加,南海地震津波最高潮位,,
36383-011,追加,南海地震津波最高潮位,,
36383-012,追加,南海地震津波最高潮位,,
36383-013,追加,南海地震津波最高潮位,,
36387-001,追加,木岐王子神社石灯籠,,
36387-002,追加,志和岐震災碑,,
36387-003,追加,東由岐浦修堤碑,,
36387-004,追加,記念碑,,
36387-005,追加,東由岐康暦碑,,
36387-006,追加,南海地震津浪最高潮位(東由岐天神社下),,
36387-007,追加,南海地震津浪最高潮位(地域交流支援センター前),,
36387-008,追加,南海地震津浪最高潮位(龍王さん前),,
36387-009,追加,南海地震津浪最高潮位(木岐公民館前),,
36388-001,追加,浅川天神社石碑,,
36388-002,追加,安政の津波碑文,,
36388-003,追加,南海大地震記念碑,,
36388-004,追加,震災後50年南海道地震津波史碑・津波十訓,,
36388-005,追加,浅川観音庵地蔵尊台石・寳永ノ津浪,,
36388-006,追加,安政津浪襲来地点,,
36388-007,追加,南海地震津浪襲来地点,,
36388-008,追加,折損鳥居,,
36388-009,追加,大地震津浪記,,
36388-010,追加,大地震津浪記,,
36388-011,追加,熟田峠地蔵尊,,
36388-012,追加,大岩慶長・宝永地震津波碑,,
36388-013,追加,鞆浦海嘯記,,
36388-014,追加,南海地震津波最高潮位(浅川出張所),,
36388-015,追加,南海地震津波最高潮位(大歳神社前),,
36388-016,追加,南海地震津波最高潮位(伊勢田忠魂碑下),,
36388-017,追加,南海地震津波最高潮位(天神社前),,
36388-018,追加,南海地震津波最高潮位(御﨑神社前),,
36388-019,追加,南海地震津波最高潮位(元橋),,
36388-020,追加,保瀨大崩壊の碑,,
36401-001,追加,敬渝碑,,
36402-001,追加,新見嘉次郎の石碑,,
36402-002,追加,北島町大正の大洪水,,
36403-001,追加,爲溺死亡霊菩提(乙瀬中田の地蔵),,
36489-001,追加,洪水記録(天椅立神社の石段),,
36489-002,追加,西庄水防林記念碑,,
