災害の名前,発生年,碑の数,標高_中央値,標高_最小,標高_最大,標高_除外数,海岸までの距離_中央値,海岸までの距離_最小,海岸までの距離_最大,海岸までの距離_除外数,碑のID
昭和南海地震,1946,28,3.1,1.5,5.0,0,117.5,23,1610,0,36203-003；36204-001；36204-002；36204-003；36204-005；36383-004；36383-005；36383-006；36383-007；36383-008；36383-009；36383-010；36383-011；36383-012；36383-013；36387-006；36387-007；36387-008；36387-009；36388-003；36388-004；36388-007；36388-014；36388-015；36388-016；36388-017；36388-018；36388-019
安政南海地震,1854,20,5.2,1.1,115.3,0,131.5,7,12122,0,36201-001；36203-001；36203-002；36204-004；36204-005；36368-001；36383-001；36383-002；36383-003；36387-001；36387-002；36387-003；36388-001；36388-002；36388-006；36388-009；36388-010；36388-011；36388-013；36401-001
安政東海地震,1854,6,5.7,4.0,74.9,0,177.5,7,2001,0,36388-001；36388-002；36388-009；36388-010；36388-011；36388-013
昭和29年台風12号(ジューン台風),1954,3,44.0,42.1,84.7,0,32227.0,31243,55887,0,36207-004；36207-005；36489-001
昭和51年台風17号,1976,3,478.5,153.8,537.7,0,34729.0,30644,38933,0,36207-001；36207-002；36368-002
慶長南海地震,1605,2,4.0,3.1,4.8,0,56.5,21,92,0,36388-008；36388-012
宝永地震,1707,2,8.9,3.1,14.7,0,76.5,21,132,0,36388-005；36388-012
慶応2年寅の大水,1866,2,3.8,1.8,5.7,0,7577.5,3916,11239,0,36201-002；36402-001
明治25年高磯山崩壊,1892,2,244.8,232.7,257.0,0,16701.5,16431,16972,0,36368-003；36368-004
大正元年洪水,1912,2,14.2,2.3,26.2,0,14615.0,5244,23986,0,36205-001；36402-002
正平南海地震,1361,1,9.3,9.3,9.3,0,89.0,89,89,0,36387-005
慶応2年の寅年の大水,1866,1,3.8,3.8,3.8,0,7924.0,7924,7924,0,36403-001
慶応3年の洪水,1867,1,3.8,3.8,3.8,0,7924.0,7924,7924,0,36403-001
保勢の崩壊,1892,1,129.5,129.5,129.5,0,10495.0,10495,10495,0,36388-020
明治32年9月の台風,1899,1,9.5,9.5,9.5,0,2936.0,2936,2936,0,36203-004
洪水,1899,1,65.4,65.4,65.4,0,49505.0,49505,49505,0,36489-002
大正元年の台風,1912,1,2.5,2.5,2.5,0,67.0,67,67,0,36387-003
室戸台風,1934,1,2.7,2.7,2.7,0,64.0,64,64,0,36387-004
昭和39年台風20号,1964,1,747.6,747.6,747.6,0,34741.0,34741,34741,0,36368-005
昭和50年台風6号,1975,1,427.3,427.3,427.3,0,34758.0,34758,34758,0,36207-003
昭和62年台風12号,1987,1,382.8,382.8,382.8,0,55681.0,55681,55681,0,36208-001
