範囲,災害種別,地形分類名,碑_件数,碑_割合,比較地点_件数,比較地点_割合
全碑,全種別,山地斜面等,13,0.217,156,0.545
全碑,全種別,氾濫平野・海岸平野,18,0.3,67,0.234
全碑,全種別,水部,1,0.017,16,0.056
全碑,全種別,砂州・砂丘,21,0.35,14,0.049
全碑,全種別,山麓堆積地形,2,0.033,9,0.031
全碑,全種別,旧水部,1,0.017,8,0.028
全碑,全種別,自然堤防,1,0.017,4,0.014
全碑,全種別,河川敷・浜,0,0.0,4,0.014
全碑,全種別,台地・段丘,2,0.033,4,0.014
全碑,全種別,扇状地,1,0.017,2,0.007
全碑,全種別,旧河道,0,0.0,1,0.003
全碑,全種別,後背低地・湿地,0,0.0,1,0.003
全碑,洪水,山地斜面等,0,0.0,7,0.159
全碑,洪水,氾濫平野・海岸平野,5,0.556,24,0.545
全碑,洪水,水部,0,0.0,3,0.068
全碑,洪水,砂州・砂丘,0,0.0,0,0.0
全碑,洪水,山麓堆積地形,0,0.0,0,0.0
全碑,洪水,旧水部,0,0.0,0,0.0
全碑,洪水,自然堤防,1,0.111,3,0.068
全碑,洪水,河川敷・浜,0,0.0,1,0.023
全碑,洪水,台地・段丘,2,0.222,3,0.068
全碑,洪水,扇状地,1,0.111,2,0.045
全碑,洪水,旧河道,0,0.0,0,0.0
全碑,洪水,後背低地・湿地,0,0.0,1,0.023
全碑,地震,山地斜面等,13,0.26,146,0.616
全碑,地震,氾濫平野・海岸平野,13,0.26,43,0.181
全碑,地震,水部,1,0.02,12,0.051
全碑,地震,砂州・砂丘,20,0.4,14,0.059
全碑,地震,山麓堆積地形,2,0.04,8,0.034
全碑,地震,旧水部,1,0.02,8,0.034
全碑,地震,自然堤防,0,0.0,1,0.004
全碑,地震,河川敷・浜,0,0.0,3,0.013
全碑,地震,台地・段丘,0,0.0,1,0.004
全碑,地震,扇状地,0,0.0,0,0.0
全碑,地震,旧河道,0,0.0,1,0.004
全碑,地震,後背低地・湿地,0,0.0,0,0.0
全碑,津波,山地斜面等,12,0.245,145,0.625
全碑,津波,氾濫平野・海岸平野,13,0.265,41,0.177
全碑,津波,水部,1,0.02,11,0.047
全碑,津波,砂州・砂丘,20,0.408,14,0.06
全碑,津波,山麓堆積地形,2,0.041,8,0.034
全碑,津波,旧水部,1,0.02,8,0.034
全碑,津波,自然堤防,0,0.0,0,0.0
全碑,津波,河川敷・浜,0,0.0,3,0.013
全碑,津波,台地・段丘,0,0.0,1,0.004
全碑,津波,扇状地,0,0.0,0,0.0
全碑,津波,旧河道,0,0.0,1,0.004
全碑,津波,後背低地・湿地,0,0.0,0,0.0
全碑,土砂災害,山地斜面等,0,0.0,0,0.0
全碑,土砂災害,氾濫平野・海岸平野,0,0.0,0,0.0
全碑,土砂災害,水部,0,0.0,0,0.0
全碑,土砂災害,砂州・砂丘,0,0.0,0,0.0
全碑,土砂災害,山麓堆積地形,0,0.0,0,0.0
全碑,土砂災害,旧水部,0,0.0,0,0.0
全碑,土砂災害,自然堤防,0,0.0,0,0.0
全碑,土砂災害,河川敷・浜,0,0.0,0,0.0
全碑,土砂災害,台地・段丘,0,0.0,0,0.0
全碑,土砂災害,扇状地,0,0.0,0,0.0
全碑,土砂災害,旧河道,0,0.0,0,0.0
全碑,土砂災害,後背低地・湿地,0,0.0,0,0.0
全碑,高潮,山地斜面等,0,0.0,7,0.7
全碑,高潮,氾濫平野・海岸平野,0,0.0,0,0.0
全碑,高潮,水部,0,0.0,2,0.2
全碑,高潮,砂州・砂丘,2,1.0,0,0.0
全碑,高潮,山麓堆積地形,0,0.0,1,0.1
全碑,高潮,旧水部,0,0.0,0,0.0
全碑,高潮,自然堤防,0,0.0,0,0.0
全碑,高潮,河川敷・浜,0,0.0,0,0.0
全碑,高潮,台地・段丘,0,0.0,0,0.0
全碑,高潮,扇状地,0,0.0,0,0.0
全碑,高潮,旧河道,0,0.0,0,0.0
全碑,高潮,後背低地・湿地,0,0.0,0,0.0
全碑,火山災害,山地斜面等,0,0.0,0,0.0
全碑,火山災害,氾濫平野・海岸平野,0,0.0,0,0.0
全碑,火山災害,水部,0,0.0,0,0.0
全碑,火山災害,砂州・砂丘,0,0.0,0,0.0
全碑,火山災害,山麓堆積地形,0,0.0,0,0.0
全碑,火山災害,旧水部,0,0.0,0,0.0
全碑,火山災害,自然堤防,0,0.0,0,0.0
全碑,火山災害,河川敷・浜,0,0.0,0,0.0
全碑,火山災害,台地・段丘,0,0.0,0,0.0
全碑,火山災害,扇状地,0,0.0,0,0.0
全碑,火山災害,旧河道,0,0.0,0,0.0
全碑,火山災害,後背低地・湿地,0,0.0,0,0.0
全碑,その他,山地斜面等,0,0.0,0,0.0
全碑,その他,氾濫平野・海岸平野,0,0.0,0,0.0
全碑,その他,水部,0,0.0,0,0.0
全碑,その他,砂州・砂丘,0,0.0,0,0.0
全碑,その他,山麓堆積地形,0,0.0,0,0.0
全碑,その他,旧水部,0,0.0,0,0.0
全碑,その他,自然堤防,0,0.0,0,0.0
全碑,その他,河川敷・浜,0,0.0,0,0.0
全碑,その他,台地・段丘,0,0.0,0,0.0
全碑,その他,扇状地,0,0.0,0,0.0
全碑,その他,旧河道,0,0.0,0,0.0
全碑,その他,後背低地・湿地,0,0.0,0,0.0
移転碑を除く,全種別,山地斜面等,13,0.224,153,0.554
移転碑を除く,全種別,氾濫平野・海岸平野,17,0.293,65,0.236
移転碑を除く,全種別,水部,1,0.017,15,0.054
移転碑を除く,全種別,砂州・砂丘,20,0.345,14,0.051
移転碑を除く,全種別,山麓堆積地形,2,0.034,9,0.033
移転碑を除く,全種別,旧水部,1,0.017,4,0.014
移転碑を除く,全種別,自然堤防,1,0.017,4,0.014
移転碑を除く,全種別,河川敷・浜,0,0.0,4,0.014
移転碑を除く,全種別,台地・段丘,2,0.034,4,0.014
移転碑を除く,全種別,扇状地,1,0.017,2,0.007
移転碑を除く,全種別,旧河道,0,0.0,1,0.004
移転碑を除く,全種別,後背低地・湿地,0,0.0,1,0.004
移転碑を除く,洪水,山地斜面等,0,0.0,7,0.159
移転碑を除く,洪水,氾濫平野・海岸平野,5,0.556,24,0.545
移転碑を除く,洪水,水部,0,0.0,3,0.068
移転碑を除く,洪水,砂州・砂丘,0,0.0,0,0.0
移転碑を除く,洪水,山麓堆積地形,0,0.0,0,0.0
移転碑を除く,洪水,旧水部,0,0.0,0,0.0
移転碑を除く,洪水,自然堤防,1,0.111,3,0.068
移転碑を除く,洪水,河川敷・浜,0,0.0,1,0.023
移転碑を除く,洪水,台地・段丘,2,0.222,3,0.068
移転碑を除く,洪水,扇状地,1,0.111,2,0.045
移転碑を除く,洪水,旧河道,0,0.0,0,0.0
移転碑を除く,洪水,後背低地・湿地,0,0.0,1,0.023
移転碑を除く,地震,山地斜面等,13,0.271,143,0.63
移転碑を除く,地震,氾濫平野・海岸平野,12,0.25,41,0.181
移転碑を除く,地震,水部,1,0.021,11,0.048
移転碑を除く,地震,砂州・砂丘,19,0.396,14,0.062
移転碑を除く,地震,山麓堆積地形,2,0.042,8,0.035
移転碑を除く,地震,旧水部,1,0.021,4,0.018
移転碑を除く,地震,自然堤防,0,0.0,1,0.004
移転碑を除く,地震,河川敷・浜,0,0.0,3,0.013
移転碑を除く,地震,台地・段丘,0,0.0,1,0.004
移転碑を除く,地震,扇状地,0,0.0,0,0.0
移転碑を除く,地震,旧河道,0,0.0,1,0.004
移転碑を除く,地震,後背低地・湿地,0,0.0,0,0.0
移転碑を除く,津波,山地斜面等,12,0.255,142,0.64
移転碑を除く,津波,氾濫平野・海岸平野,12,0.255,39,0.176
移転碑を除く,津波,水部,1,0.021,10,0.045
移転碑を除く,津波,砂州・砂丘,19,0.404,14,0.063
移転碑を除く,津波,山麓堆積地形,2,0.043,8,0.036
移転碑を除く,津波,旧水部,1,0.021,4,0.018
移転碑を除く,津波,自然堤防,0,0.0,0,0.0
移転碑を除く,津波,河川敷・浜,0,0.0,3,0.014
移転碑を除く,津波,台地・段丘,0,0.0,1,0.005
移転碑を除く,津波,扇状地,0,0.0,0,0.0
移転碑を除く,津波,旧河道,0,0.0,1,0.005
移転碑を除く,津波,後背低地・湿地,0,0.0,0,0.0
移転碑を除く,土砂災害,山地斜面等,0,0.0,0,0.0
移転碑を除く,土砂災害,氾濫平野・海岸平野,0,0.0,0,0.0
移転碑を除く,土砂災害,水部,0,0.0,0,0.0
移転碑を除く,土砂災害,砂州・砂丘,0,0.0,0,0.0
移転碑を除く,土砂災害,山麓堆積地形,0,0.0,0,0.0
移転碑を除く,土砂災害,旧水部,0,0.0,0,0.0
移転碑を除く,土砂災害,自然堤防,0,0.0,0,0.0
移転碑を除く,土砂災害,河川敷・浜,0,0.0,0,0.0
移転碑を除く,土砂災害,台地・段丘,0,0.0,0,0.0
移転碑を除く,土砂災害,扇状地,0,0.0,0,0.0
移転碑を除く,土砂災害,旧河道,0,0.0,0,0.0
移転碑を除く,土砂災害,後背低地・湿地,0,0.0,0,0.0
移転碑を除く,高潮,山地斜面等,0,0.0,7,0.7
移転碑を除く,高潮,氾濫平野・海岸平野,0,0.0,0,0.0
移転碑を除く,高潮,水部,0,0.0,2,0.2
移転碑を除く,高潮,砂州・砂丘,2,1.0,0,0.0
移転碑を除く,高潮,山麓堆積地形,0,0.0,1,0.1
移転碑を除く,高潮,旧水部,0,0.0,0,0.0
移転碑を除く,高潮,自然堤防,0,0.0,0,0.0
移転碑を除く,高潮,河川敷・浜,0,0.0,0,0.0
移転碑を除く,高潮,台地・段丘,0,0.0,0,0.0
移転碑を除く,高潮,扇状地,0,0.0,0,0.0
移転碑を除く,高潮,旧河道,0,0.0,0,0.0
移転碑を除く,高潮,後背低地・湿地,0,0.0,0,0.0
移転碑を除く,火山災害,山地斜面等,0,0.0,0,0.0
移転碑を除く,火山災害,氾濫平野・海岸平野,0,0.0,0,0.0
移転碑を除く,火山災害,水部,0,0.0,0,0.0
移転碑を除く,火山災害,砂州・砂丘,0,0.0,0,0.0
移転碑を除く,火山災害,山麓堆積地形,0,0.0,0,0.0
移転碑を除く,火山災害,旧水部,0,0.0,0,0.0
移転碑を除く,火山災害,自然堤防,0,0.0,0,0.0
移転碑を除く,火山災害,河川敷・浜,0,0.0,0,0.0
移転碑を除く,火山災害,台地・段丘,0,0.0,0,0.0
移転碑を除く,火山災害,扇状地,0,0.0,0,0.0
移転碑を除く,火山災害,旧河道,0,0.0,0,0.0
移転碑を除く,火山災害,後背低地・湿地,0,0.0,0,0.0
移転碑を除く,その他,山地斜面等,0,0.0,0,0.0
移転碑を除く,その他,氾濫平野・海岸平野,0,0.0,0,0.0
移転碑を除く,その他,水部,0,0.0,0,0.0
移転碑を除く,その他,砂州・砂丘,0,0.0,0,0.0
移転碑を除く,その他,山麓堆積地形,0,0.0,0,0.0
移転碑を除く,その他,旧水部,0,0.0,0,0.0
移転碑を除く,その他,自然堤防,0,0.0,0,0.0
移転碑を除く,その他,河川敷・浜,0,0.0,0,0.0
移転碑を除く,その他,台地・段丘,0,0.0,0,0.0
移転碑を除く,その他,扇状地,0,0.0,0,0.0
移転碑を除く,その他,旧河道,0,0.0,0,0.0
移転碑を除く,その他,後背低地・湿地,0,0.0,0,0.0
注：1基が複数の災害種別を持つため、種別ごとの合計は全種別の碑の数より多くなる場合があります。
