範囲,災害種別,指標,碑_数,碑_除外数,碑_中央値,碑_第1四分位,碑_第3四分位,比較地点_数,比較地点_除外数,比較地点_中央値,比較地点_第1四分位,比較地点_第3四分位,組の数,差の中央値,碑の方が大きい割合
全碑,全種別,標高_m,71,0,4.0,2.8,9.4,345,4,38.5,6.1,108.0,70,-28.0,0.143
全碑,全種別,傾斜_度,71,0,4.9,1.75,11.6,345,4,23.8,2.7,35.6,70,-16.25,0.171
全碑,全種別,河川までの距離_m,71,0,128.0,67.5,245.5,349,0,310.0,148.0,514.0,70,-155.5,0.243
全碑,全種別,河川との高さの差_m,66,5,2.7,0.98,5.05,317,32,21.0,2.4,69.2,66,-21.15,0.182
全碑,全種別,海岸までの距離_m,71,0,167.0,83.0,4580.0,349,0,1184.0,373.0,5449.0,70,-326.0,0.214
全碑,洪水,標高_m,10,0,17.85,4.28,43.52,50,0,18.3,2.9,61.32,10,-0.3,0.3
全碑,洪水,傾斜_度,10,0,4.8,2.07,11.0,50,0,1.4,0.6,4.9,10,3.25,0.7
全碑,洪水,河川までの距離_m,10,0,176.0,42.25,331.75,50,0,207.5,90.75,343.0,10,-112.0,0.3
全碑,洪水,河川との高さの差_m,9,1,5.7,3.2,7.4,45,5,1.6,0.1,6.0,9,2.0,0.778
全碑,洪水,海岸までの距離_m,10,0,17612.5,5914.0,31981.0,50,0,17271.5,5557.5,32733.25,10,-26.5,0.4
全碑,地震,標高_m,51,0,3.5,2.55,5.0,246,3,28.75,5.72,72.62,50,-24.95,0.14
全碑,地震,傾斜_度,51,0,3.7,1.4,10.65,246,3,24.45,3.02,35.4,50,-18.0,0.1
全碑,地震,河川までの距離_m,51,0,132.0,79.5,245.5,249,0,344.0,171.0,528.0,50,-149.0,0.26
全碑,地震,河川との高さの差_m,47,4,2.0,0.7,3.35,224,25,21.15,3.22,56.65,47,-20.7,0.106
全碑,地震,海岸までの距離_m,51,0,121.0,69.0,220.0,249,0,704.0,255.0,1364.0,50,-437.0,0.12
全碑,津波,標高_m,49,0,3.5,2.6,5.0,236,3,28.75,5.95,70.03,48,-28.0,0.125
全碑,津波,傾斜_度,49,0,3.7,1.5,10.3,236,3,24.8,3.22,35.4,48,-18.8,0.104
全碑,津波,河川までの距離_m,49,0,132.0,73.0,260.0,239,0,345.0,174.0,530.5,48,-155.5,0.271
全碑,津波,河川との高さの差_m,45,4,2.0,0.6,3.3,214,25,21.7,3.42,56.75,45,-21.6,0.111
全碑,津波,海岸までの距離_m,49,0,114.0,67.0,213.0,239,0,672.0,250.5,1287.5,48,-437.0,0.125
全碑,土砂災害,標高_m,8,0,319.9,212.98,440.1,40,0,545.8,341.6,617.85,8,-213.9,0.0
全碑,土砂災害,傾斜_度,8,0,15.9,8.95,19.05,40,0,35.15,29.58,41.48,8,-18.5,0.0
全碑,土砂災害,河川までの距離_m,8,0,78.0,32.25,147.25,40,0,351.5,182.75,517.5,8,-283.0,0.0
全碑,土砂災害,河川との高さの差_m,8,0,21.35,5.05,36.15,38,2,143.55,77.22,259.82,8,-137.48,0.0
全碑,土砂災害,海岸までの距離_m,8,0,32686.5,16836.75,35801.75,40,0,32382.0,17014.75,36752.0,8,100.0,0.5
全碑,高潮,標高_m,2,0,2.6,2.55,2.65,9,1,25.1,17.3,42.7,2,-25.35,0.0
全碑,高潮,傾斜_度,2,0,0.9,0.75,1.05,9,1,28.4,23.8,35.8,2,-27.02,0.0
全碑,高潮,河川までの距離_m,2,0,877.0,876.5,877.5,10,0,429.5,101.0,826.0,2,372.0,1.0
全碑,高潮,河川との高さの差_m,2,0,2.7,2.7,2.7,9,1,22.1,13.9,34.5,2,-19.27,0.0
全碑,高潮,海岸までの距離_m,2,0,65.5,64.75,66.25,10,0,299.5,120.25,409.75,2,-214.5,0.0
全碑,火山災害,標高_m,0,0,,,,0,0,,,,0,,
全碑,火山災害,傾斜_度,0,0,,,,0,0,,,,0,,
全碑,火山災害,河川までの距離_m,0,0,,,,0,0,,,,0,,
全碑,火山災害,河川との高さの差_m,0,0,,,,0,0,,,,0,,
全碑,火山災害,海岸までの距離_m,0,0,,,,0,0,,,,0,,
全碑,その他,標高_m,1,0,747.6,747.6,747.6,5,0,984.5,880.7,1062.5,1,-236.9,0.0
全碑,その他,傾斜_度,1,0,12.1,12.1,12.1,5,0,42.4,40.1,48.7,1,-30.3,0.0
全碑,その他,河川までの距離_m,1,0,47.0,47.0,47.0,5,0,274.0,262.0,364.0,1,-227.0,0.0
全碑,その他,河川との高さの差_m,1,0,12.6,12.6,12.6,5,0,225.6,118.7,233.3,1,-213.0,0.0
全碑,その他,海岸までの距離_m,1,0,34741.0,34741.0,34741.0,5,0,34256.0,33385.0,34288.0,1,485.0,1.0
移転碑を除く,全種別,標高_m,69,0,4.0,2.9,9.5,335,4,40.0,6.85,108.65,68,-28.8,0.147
移転碑を除く,全種別,傾斜_度,69,0,5.1,2.0,11.6,335,4,24.2,2.7,35.85,68,-16.4,0.162
移転碑を除く,全種別,河川までの距離_m,69,0,128.0,68.0,260.0,339,0,304.0,146.5,511.5,68,-155.5,0.25
移転碑を除く,全種別,河川との高さの差_m,64,5,2.75,1.27,5.25,309,30,21.6,2.5,69.2,64,-22.48,0.188
移転碑を除く,全種別,海岸までの距離_m,69,0,141.0,77.0,5244.0,339,0,1190.0,371.5,6373.5,68,-326.0,0.206
移転碑を除く,洪水,標高_m,10,0,17.85,4.28,43.52,50,0,18.3,2.9,61.32,10,-0.3,0.3
移転碑を除く,洪水,傾斜_度,10,0,4.8,2.07,11.0,50,0,1.4,0.6,4.9,10,3.25,0.7
移転碑を除く,洪水,河川までの距離_m,10,0,176.0,42.25,331.75,50,0,207.5,90.75,343.0,10,-112.0,0.3
移転碑を除く,洪水,河川との高さの差_m,9,1,5.7,3.2,7.4,45,5,1.6,0.1,6.0,9,2.0,0.778
移転碑を除く,洪水,海岸までの距離_m,10,0,17612.5,5914.0,31981.0,50,0,17271.5,5557.5,32733.25,10,-26.5,0.4
移転碑を除く,地震,標高_m,49,0,3.5,2.6,5.0,236,3,31.4,6.0,72.92,48,-28.0,0.146
移転碑を除く,地震,傾斜_度,49,0,4.3,1.3,11.0,236,3,25.3,3.68,35.5,48,-18.8,0.083
移転碑を除く,地震,河川までの距離_m,49,0,132.0,86.0,260.0,239,0,327.0,163.0,528.5,48,-149.0,0.271
移転碑を除く,地震,河川との高さの差_m,45,4,2.0,0.9,3.4,216,23,21.7,3.38,56.65,45,-21.6,0.111
移転碑を除く,地震,海岸までの距離_m,49,0,114.0,67.0,213.0,239,0,696.0,254.5,1369.0,48,-437.0,0.104
移転碑を除く,津波,標高_m,47,0,3.5,2.6,5.0,226,3,31.4,6.02,70.47,46,-28.8,0.13
移転碑を除く,津波,傾斜_度,47,0,4.3,1.65,10.65,226,3,26.35,4.12,35.5,46,-19.15,0.087
移転碑を除く,津波,河川までの距離_m,47,0,132.0,79.5,296.5,229,0,329.0,171.0,532.0,46,-155.5,0.283
移転碑を除く,津波,河川との高さの差_m,43,4,2.0,0.85,3.35,206,23,22.75,3.52,56.75,43,-23.35,0.116
移転碑を除く,津波,海岸までの距離_m,47,0,106.0,64.5,175.0,229,0,656.0,250.0,1287.0,46,-437.0,0.109
移転碑を除く,土砂災害,標高_m,8,0,319.9,212.98,440.1,40,0,545.8,341.6,617.85,8,-213.9,0.0
移転碑を除く,土砂災害,傾斜_度,8,0,15.9,8.95,19.05,40,0,35.15,29.58,41.48,8,-18.5,0.0
移転碑を除く,土砂災害,河川までの距離_m,8,0,78.0,32.25,147.25,40,0,351.5,182.75,517.5,8,-283.0,0.0
移転碑を除く,土砂災害,河川との高さの差_m,8,0,21.35,5.05,36.15,38,2,143.55,77.22,259.82,8,-137.48,0.0
移転碑を除く,土砂災害,海岸までの距離_m,8,0,32686.5,16836.75,35801.75,40,0,32382.0,17014.75,36752.0,8,100.0,0.5
移転碑を除く,高潮,標高_m,2,0,2.6,2.55,2.65,9,1,25.1,17.3,42.7,2,-25.35,0.0
移転碑を除く,高潮,傾斜_度,2,0,0.9,0.75,1.05,9,1,28.4,23.8,35.8,2,-27.02,0.0
移転碑を除く,高潮,河川までの距離_m,2,0,877.0,876.5,877.5,10,0,429.5,101.0,826.0,2,372.0,1.0
移転碑を除く,高潮,河川との高さの差_m,2,0,2.7,2.7,2.7,9,1,22.1,13.9,34.5,2,-19.27,0.0
移転碑を除く,高潮,海岸までの距離_m,2,0,65.5,64.75,66.25,10,0,299.5,120.25,409.75,2,-214.5,0.0
移転碑を除く,火山災害,標高_m,0,0,,,,0,0,,,,0,,
移転碑を除く,火山災害,傾斜_度,0,0,,,,0,0,,,,0,,
移転碑を除く,火山災害,河川までの距離_m,0,0,,,,0,0,,,,0,,
移転碑を除く,火山災害,河川との高さの差_m,0,0,,,,0,0,,,,0,,
移転碑を除く,火山災害,海岸までの距離_m,0,0,,,,0,0,,,,0,,
移転碑を除く,その他,標高_m,1,0,747.6,747.6,747.6,5,0,984.5,880.7,1062.5,1,-236.9,0.0
移転碑を除く,その他,傾斜_度,1,0,12.1,12.1,12.1,5,0,42.4,40.1,48.7,1,-30.3,0.0
移転碑を除く,その他,河川までの距離_m,1,0,47.0,47.0,47.0,5,0,274.0,262.0,364.0,1,-227.0,0.0
移転碑を除く,その他,河川との高さの差_m,1,0,12.6,12.6,12.6,5,0,225.6,118.7,233.3,1,-213.0,0.0
移転碑を除く,その他,海岸までの距離_m,1,0,34741.0,34741.0,34741.0,5,0,34256.0,33385.0,34288.0,1,485.0,1.0
注：1基が複数の災害種別を持つため、種別ごとの合計は全種別の碑の数より多くなる場合があります。
